<?xml version="1.0" encoding="UTF-8"?>
<!DOCTYPE generatorConfiguration PUBLIC "-//mybatis.org//DTD MyBatis Generator Configuration 1.0//EN" "http://mybatis.org/dtd/mybatis-generator-config_1_0.dtd">
<generatorConfiguration>
    <context id="default" targetRuntime="MyBatis3">
        <jdbcConnection driverClass="com.mysql.cj.jdbc.Driver" connectionURL="jdbc:mysql://localhost:3306/test?serverTimezone=UTC" userId="root" password="abc123"/>
        <javaModelGenerator targetPackage="com.example.model" targetProject="src/main/java">
            <property name="enableSubPackages" value="true"/>
            <property name="trimStrings" value="true"/>
        </javaModelGenerator>
        <sqlMapGenerator targetPackage="mapper" targetProject="bosssoft-train-mybatis/src/main/resources">
            <property name="enableSubPackages" value="true"/>
        </sqlMapGenerator>
        <javaClientGenerator type="XMLMAPPER" targetPackage="bosssoft-train-mybatis/src/main/java/mybatisdemotest/dao/mapper" targetProject="bosssoft-train-mybatis/src/main/java">
            <property name="enableSubPackages" value="true"/>
        </javaClientGenerator>
        <table tableName="user" domainObjectName="User"/>
    </context>
</generatorConfiguration>
