<?xml version="1.0" encoding="UTF-8" ?>
<!DOCTYPE mapper
        PUBLIC "-//mybatis.org//DTD Mapper 3.0//EN"
        "http://mybatis.org/dtd/mybatis-3-mapper.dtd">
<mapper namespace="mybatisdemotest.dao.mapper.UserMapper">
    <resultMap id="UserResultMap" type="mybatisdemotest.entity.User">
    </resultMap>
    <!--select查询语句-->
    <select id="selectByExample" resultMap="UserResultMap" parameterType="com.bosssoft.hr.train.j2se.mybatis.entity.UserExample">
        select <include refid="Base_Column_List" /> from basic_user
        <if test="_parameter != null">
            <where>
                <foreach collection="_parameter.oredCriteria" item="criteria" separator="or">
                    <if test="criteria.valid">
                        <trim prefix="(" prefixOverrides="and" suffix=")">
                            <foreach collection="criteria.criteria" item="criterion">
                                <choose>
                                    <when test="criterion.noValue">
                                        and ${criterion.condition}
                                    </when>
                                    <when test="criterion.singleValue">
                                        and ${criterion.condition} #{criterion.value}
                                    </when>
                                    <when test="criterion.betweenValue">
                                        and ${criterion.condition} #{criterion.value} and #{criterion.secondValue}
                                    </when>
                                    <when test="criterion.listValue">
                                        and ${criterion.condition}
                                        <foreach close=")" collection="criterion.value" open="(" separator=",">
                                            #{item}
                                        </foreach>
                                    </when>
                                </choose>
                            </foreach>
                        </trim>
                    </if>
                </foreach>
            </where>
        </if>
        <if test="orderByClause != null">
            order by ${orderByClause}
        </if>
    </select>
    <select id="selectUserById" resultType="mybatisdemotest.entity.User"></select>

</mapper>
